[
    {
      "header":"Section 1: Course Introduction",
      "time": "0 / 5 | 17min",
      "courses":[
        {
          "title":"1. Introduction",
          "time":"2min"
        },
        {
          "title":"2. Courses Overview Don't skip this",
          "time":"2min",
          "resourses":true
        },
         {
          "title":"3. Courses Overview Don't skip this",
          "time":"2min"
        },
        {
          "title":"4. Courses Overview Don't skip this",
          "time":"2min",
          "resourses":true
        },
        {
          "title":"5. Courses Overview Don't skip this",
          "time":"2min"
        },
        {
          "title":"6. Courses Overview Don't skip this",
          "time":"2min",
          "resourses":true
        },
        {
          "title":"7. Courses Overview Don't skip this",
          "time":"2min",
          "resourses":true
        },
        {
          "title":"8. Courses Overview Don't skip this",
          "time":"2min"
        }

      ]
    },
    {
        "header":"Section 1: Course Introduction",
        "time": "0 / 5 | 17min",
        "courses":[
          {
            "title":"1. Introduction",
            "time":"2min"
          },
          {
            "title":"2. Courses Overview Don't skip this",
            "time":"2min",
            "resourses":true
          },
           {
            "title":"3. Courses Overview Don't skip this",
            "time":"2min"
          },
          {
            "title":"4. Courses Overview Don't skip this",
            "time":"2min",
            "resourses":true
          },
          {
            "title":"5. Courses Overview Don't skip this",
            "time":"2min"
          },
          {
            "title":"6. Courses Overview Don't skip this",
            "time":"2min",
            "resourses":true
          },
          {
            "title":"7. Courses Overview Don't skip this",
            "time":"2min",
            "resourses":true
          },
          {
            "title":"8. Courses Overview Don't skip this",
            "time":"2min"
          }
  
        ]
      },
      {
        "header":"Section 1: Course Introduction",
        "time": "0 / 5 | 17min",
        "courses":[
          {
            "title":"1. Introduction",
            "time":"2min"
          },
          {
            "title":"2. Courses Overview Don't skip this",
            "time":"2min",
            "resourses":true
          },
           {
            "title":"3. Courses Overview Don't skip this",
            "time":"2min"
          },
          {
            "title":"4. Courses Overview Don't skip this",
            "time":"2min",
            "resourses":true
          },
          {
            "title":"5. Courses Overview Don't skip this",
            "time":"2min"
          },
          {
            "title":"6. Courses Overview Don't skip this",
            "time":"2min",
            "resourses":true
          },
          {
            "title":"7. Courses Overview Don't skip this",
            "time":"2min",
            "resourses":true
          },
          {
            "title":"8. Courses Overview Don't skip this",
            "time":"2min"
          }
  
        ]
      },{
        "header":"Section 1: Course Introduction",
        "time": "0 / 5 | 17min",
        "courses":[
          {
            "title":"1. Introduction",
            "time":"2min"
          },
          {
            "title":"2. Courses Overview Don't skip this",
            "time":"2min",
            "resourses":true
          },
           {
            "title":"3. Courses Overview Don't skip this",
            "time":"2min"
          },
          {
            "title":"4. Courses Overview Don't skip this",
            "time":"2min",
            "resourses":true
          },
          {
            "title":"5. Courses Overview Don't skip this",
            "time":"2min"
          },
          {
            "title":"6. Courses Overview Don't skip this",
            "time":"2min",
            "resourses":true
          },
          {
            "title":"7. Courses Overview Don't skip this",
            "time":"2min",
            "resourses":true
          },
          {
            "title":"8. Courses Overview Don't skip this",
            "time":"2min"
          }
  
        ]
      },{
        "header":"Section 1: Course Introduction",
        "time": "0 / 5 | 17min",
        "courses":[
          {
            "title":"1. Introduction",
            "time":"2min"
          },
          {
            "title":"2. Courses Overview Don't skip this",
            "time":"2min",
            "resourses":true
          },
           {
            "title":"3. Courses Overview Don't skip this",
            "time":"2min"
          },
          {
            "title":"4. Courses Overview Don't skip this",
            "time":"2min",
            "resourses":true
          },
          {
            "title":"5. Courses Overview Don't skip this",
            "time":"2min"
          },
          {
            "title":"6. Courses Overview Don't skip this",
            "time":"2min",
            "resourses":true
          },
          {
            "title":"7. Courses Overview Don't skip this",
            "time":"2min",
            "resourses":true
          },
          {
            "title":"8. Courses Overview Don't skip this",
            "time":"2min"
          }
  
        ]
      },{
        "header":"Section 1: Course Introduction",
        "time": "0 / 5 | 17min",
        "courses":[
          {
            "title":"1. Introduction",
            "time":"2min"
          },
          {
            "title":"2. Courses Overview Don't skip this",
            "time":"2min",
            "resourses":true
          },
           {
            "title":"3. Courses Overview Don't skip this",
            "time":"2min"
          },
          {
            "title":"4. Courses Overview Don't skip this",
            "time":"2min",
            "resourses":true
          },
          {
            "title":"5. Courses Overview Don't skip this",
            "time":"2min"
          },
          {
            "title":"6. Courses Overview Don't skip this",
            "time":"2min",
            "resourses":true
          },
          {
            "title":"7. Courses Overview Don't skip this",
            "time":"2min",
            "resourses":true
          },
          {
            "title":"8. Courses Overview Don't skip this",
            "time":"2min"
          }
  
        ]
      },{
        "header":"Section 1: Course Introduction",
        "time": "0 / 5 | 17min",
        "courses":[
          {
            "title":"1. Introduction",
            "time":"2min"
          },
          {
            "title":"2. Courses Overview Don't skip this",
            "time":"2min",
            "resourses":true
          },
           {
            "title":"3. Courses Overview Don't skip this",
            "time":"2min"
          },
          {
            "title":"4. Courses Overview Don't skip this",
            "time":"2min",
            "resourses":true
          },
          {
            "title":"5. Courses Overview Don't skip this",
            "time":"2min"
          },
          {
            "title":"6. Courses Overview Don't skip this",
            "time":"2min",
            "resourses":true
          },
          {
            "title":"7. Courses Overview Don't skip this",
            "time":"2min",
            "resourses":true
          },
          {
            "title":"8. Courses Overview Don't skip this",
            "time":"2min"
          }
  
        ]
      },{
        "header":"Section 1: Course Introduction",
        "time": "0 / 5 | 17min",
        "courses":[
          {
            "title":"1. Introduction",
            "time":"2min"
          },
          {
            "title":"2. Courses Overview Don't skip this",
            "time":"2min",
            "resourses":true
          },
           {
            "title":"3. Courses Overview Don't skip this",
            "time":"2min"
          },
          {
            "title":"4. Courses Overview Don't skip this",
            "time":"2min",
            "resourses":true
          },
          {
            "title":"5. Courses Overview Don't skip this",
            "time":"2min"
          },
          {
            "title":"6. Courses Overview Don't skip this",
            "time":"2min",
            "resourses":true
          },
          {
            "title":"7. Courses Overview Don't skip this",
            "time":"2min",
            "resourses":true
          },
          {
            "title":"8. Courses Overview Don't skip this",
            "time":"2min"
          }
  
        ]
      },{
        "header":"Section 1: Course Introduction",
        "time": "0 / 5 | 17min",
        "courses":[
          {
            "title":"1. Introduction",
            "time":"2min"
          },
          {
            "title":"2. Courses Overview Don't skip this",
            "time":"2min",
            "resourses":true
          },
           {
            "title":"3. Courses Overview Don't skip this",
            "time":"2min"
          },
          {
            "title":"4. Courses Overview Don't skip this",
            "time":"2min",
            "resourses":true
          },
          {
            "title":"5. Courses Overview Don't skip this",
            "time":"2min"
          },
          {
            "title":"6. Courses Overview Don't skip this",
            "time":"2min",
            "resourses":true
          },
          {
            "title":"7. Courses Overview Don't skip this",
            "time":"2min",
            "resourses":true
          },
          {
            "title":"8. Courses Overview Don't skip this",
            "time":"2min"
          }
  
        ]
      },{
        "header":"Section 1: Course Introduction",
        "time": "0 / 5 | 17min",
        "courses":[
          {
            "title":"1. Introduction",
            "time":"2min"
          },
          {
            "title":"2. Courses Overview Don't skip this",
            "time":"2min",
            "resourses":true
          },
           {
            "title":"3. Courses Overview Don't skip this",
            "time":"2min"
          },
          {
            "title":"4. Courses Overview Don't skip this",
            "time":"2min",
            "resourses":true
          },
          {
            "title":"5. Courses Overview Don't skip this",
            "time":"2min"
          },
          {
            "title":"6. Courses Overview Don't skip this",
            "time":"2min",
            "resourses":true
          },
          {
            "title":"7. Courses Overview Don't skip this",
            "time":"2min",
            "resourses":true
          },
          {
            "title":"8. Courses Overview Don't skip this",
            "time":"2min"
          }
  
        ]
      },{
        "header":"Section 1: Course Introduction",
        "time": "0 / 5 | 17min",
        "courses":[
          {
            "title":"1. Introduction",
            "time":"2min"
          },
          {
            "title":"2. Courses Overview Don't skip this",
            "time":"2min",
            "resourses":true
          },
           {
            "title":"3. Courses Overview Don't skip this",
            "time":"2min"
          },
          {
            "title":"4. Courses Overview Don't skip this",
            "time":"2min",
            "resourses":true
          },
          {
            "title":"5. Courses Overview Don't skip this",
            "time":"2min"
          },
          {
            "title":"6. Courses Overview Don't skip this",
            "time":"2min",
            "resourses":true
          },
          {
            "title":"7. Courses Overview Don't skip this",
            "time":"2min",
            "resourses":true
          },
          {
            "title":"8. Courses Overview Don't skip this",
            "time":"2min"
          }
  
        ]
      },{
        "header":"Section 1: Course Introduction",
        "time": "0 / 5 | 17min",
        "courses":[
          {
            "title":"1. Introduction",
            "time":"2min"
          },
          {
            "title":"2. Courses Overview Don't skip this",
            "time":"2min",
            "resourses":true
          },
           {
            "title":"3. Courses Overview Don't skip this",
            "time":"2min"
          },
          {
            "title":"4. Courses Overview Don't skip this",
            "time":"2min",
            "resourses":true
          },
          {
            "title":"5. Courses Overview Don't skip this",
            "time":"2min"
          },
          {
            "title":"6. Courses Overview Don't skip this",
            "time":"2min",
            "resourses":true
          },
          {
            "title":"7. Courses Overview Don't skip this",
            "time":"2min",
            "resourses":true
          },
          {
            "title":"8. Courses Overview Don't skip this",
            "time":"2min"
          }
  
        ]
      }
  ]
